{
  "results": {
    "1": {
      "position_value_yen": 100000,
      "position_mxn": 10869.565217391306,
      "daily_swap": 17.39130434782609,
      "monthly_swap": 521.7391304347827,
      "annual_swap": 6347.826086956523,
      "daily_rate": 0.0001739130434782609,
      "required_margin": 4000.0,
      "margin_ratio": 2500.0
    },
    "3": {
      "position_value_yen": 300000,
      "position_mxn": 32608.695652173916,
      "daily_swap": 52.173913043478265,
      "monthly_swap": 1565.217391304348,
      "annual_swap": 19043.478260869568,
      "daily_rate": 0.0005217391304347827,
      "required_margin": 12000.0,
      "margin_ratio": 833.3333333333334
    },
    "5": {
      "position_value_yen": 500000,
      "position_mxn": 54347.82608695653,
      "daily_swap": 86.95652173913045,
      "monthly_swap": 2608.6956521739135,
      "annual_swap": 31739.130434782615,
      "daily_rate": 0.0008695652173913045,
      "required_margin": 20000.0,
      "margin_ratio": 500.0
    },
    "10": {
      "position_value_yen": 1000000,
      "position_mxn": 108695.65217391305,
      "daily_swap": 173.9130434782609,
      "monthly_swap": 5217.391304347827,
      "annual_swap": 63478.26086956523,
      "daily_rate": 0.001739130434782609,
      "required_margin": 40000.0,
      "margin_ratio": 250.0
    },
    "15": {
      "position_value_yen": 1500000,
      "position_mxn": 163043.47826086957,
      "daily_swap": 260.8695652173913,
      "monthly_swap": 7826.086956521739,
      "annual_swap": 95217.39130434782,
      "daily_rate": 0.0026086956521739132,
      "required_margin": 60000.0,
      "margin_ratio": 166.66666666666669
    },
    "25": {
      "position_value_yen": 2500000,
      "position_mxn": 271739.13043478265,
      "daily_swap": 434.78260869565224,
      "monthly_swap": 13043.478260869568,
      "annual_swap": 158695.65217391305,
      "daily_rate": 0.004347826086956523,
      "required_margin": 100000.0,
      "margin_ratio": 100.0
    }
  },
  "months": [
    0,
    1,
    3,
    6,
    12,
    24,
    36,
    48,
    60
  ],
  "growth_curves": {
    "1": [
      100000.0,
      100523.05695853817,
      101577.39284331197,
      103179.66736844525,
      106460.43758263007,
      113338.2477028507,
      120660.39445294003,
      128455.58392352745,
      136754.3767443099
    ],
    "3": [
      100000.0,
      101577.11646629899,
      104806.36056494786,
      109843.73214869857,
      120656.45492355037,
      145579.8011471874,
      175651.42714895043,
      211934.7850205463,
      255712.99835563882
    ],
    "5": [
      100000.0,
      102641.8564272924,
      108136.79530204678,
      116935.6649819677,
      136739.49744774986,
      186976.9016226319,
      255671.27562216055,
      349603.61740399373,
      478046.2294973752
    ],
    "10": [
      100000.0,
      105351.12121379186,
      116927.72125581674,
      136720.91998077978,
      186926.09960390785,
      349413.6671313008,
      653145.3394515224,
      1220899.107781435,
      2282179.0822747475
    ],
    "15": [
      100000.0,
      108129.45355383304,
      126424.72705892596,
      159832.11611923922,
      255463.0534315397,
      652613.716685657,
      1667186.9277582373,
      4259046.632062671,
      10880290.573340453
    ],
    "25": [
      100000.0,
      113900.15530194709,
      147765.46633025602,
      218346.3303979803,
      476751.19998263963,
      2272917.066848869,
      10836159.3908122,
      51661519.92772867,
      246296916.18471694
    ]
  }
}